Time(s),Force(kN),Strain 1(%)
0,-0.0005,-0.0024
0.1,0.0004,-0.002
0.2,0.0028,-0.001
0.3,0.0076,-0.0001
0.4,0.0112,0.0022
0.5,0.0164,0.0039
0.6,0.0239,0.0073
0.7,0.0297,0.0095
0.8,0.0358,0.0117
0.9,0.0398,0.0131
1,0.0482,0.0171
1.1,0.0551,0.0187
1.2,0.0604,0.0211
1.3,0.0663,0.0237
1.4,0.0712,0.0251
1.5,0.0771,0.0272
1.6,0.0815,0.0294
1.7,0.0874,0.0315
1.8,0.0928,0.034
1.9,0.0991,0.036
2,0.1037,0.0378
2.1,0.1094,0.0402
2.2,0.1139,0.0417
2.3,0.1213,0.0441
2.4,0.1265,0.0471
2.5,0.1309,0.0486
2.6,0.1369,0.0507
2.7,0.1445,0.054
2.8,0.1478,0.0547
2.9,0.151,0.0568
3,0.1553,0.0586
3.1,0.1596,0.0593
3.2,0.163,0.0607
3.3,0.1661,0.0629
3.4,0.1706,0.0633
3.5,0.1746,0.0653
3.6,0.1794,0.0674
3.7,0.1823,0.0681
3.8,0.185,0.0687
3.9,0.19,0.071
4,0.1935,0.0724
4.1,0.1978,0.0742
4.2,0.202,0.0755
4.3,0.2071,0.0777
4.4,0.2123,0.0791
4.5,0.2165,0.0812
4.6,0.2234,0.0836
4.7,0.2259,0.0847
4.8,0.2293,0.0864
4.9,0.2334,0.0878
5,0.2371,0.0896
5.1,0.2418,0.0906
5.2,0.2461,0.0931
5.3,0.2496,0.0939
5.4,0.2515,0.0948
5.5,0.255,0.096
5.6,0.2617,0.099
5.7,0.2639,0.0999
5.8,0.267,0.1003
5.9,0.271,0.1018
6,0.2732,0.1028
6.1,0.2767,0.1044
6.2,0.2802,0.1055
6.3,0.2837,0.1064
6.4,0.2881,0.1085
6.5,0.2897,0.109
6.6,0.2932,0.111
6.7,0.2961,0.112
6.8,0.2985,0.1124
6.9,0.3015,0.1139
7,0.3037,0.1152
7.1,0.307,0.1165
7.2,0.3101,0.1177
7.3,0.3119,0.1187
7.4,0.3158,0.1197
7.5,0.3182,0.1209
7.6,0.3201,0.1212
7.7,0.3227,0.1234
7.8,0.3251,0.1235
7.9,0.3273,0.1242
8,0.3302,0.1258
8.1,0.3315,0.1262
8.2,0.3349,0.1274
8.3,0.336,0.128
8.4,0.3384,0.1296
8.5,0.3405,0.1303
8.6,0.3422,0.1313
8.7,0.3439,0.1313
8.8,0.3461,0.1316
8.9,0.3491,0.1331
9,0.3506,0.1338
9.1,0.3532,0.1348
9.2,0.3594,0.1373
9.3,0.3589,0.1372
9.4,0.3598,0.1382
9.5,0.3617,0.1387
9.6,0.3646,0.1404
9.7,0.3664,0.1407
9.8,0.3682,0.1414
9.9,0.3714,0.1418
10,0.3744,0.1434
10.1,0.3759,0.1444
10.2,0.3791,0.145
10.3,0.3814,0.1459
10.4,0.3835,0.1476
10.5,0.385,0.1483
10.6,0.3886,0.1492
10.7,0.39,0.1495
10.8,0.3932,0.1511
10.9,0.3963,0.153
11,0.3981,0.1535
11.1,0.4012,0.1546
11.2,0.404,0.1555
11.3,0.4066,0.1561
11.4,0.4096,0.1575
11.5,0.4133,0.1591
11.6,0.4155,0.1599
11.7,0.4178,0.1612
11.8,0.421,0.1618
11.9,0.4252,0.1633
12,0.4283,0.1647
12.1,0.4303,0.1654
12.2,0.4332,0.1668
12.3,0.4357,0.168
12.4,0.4371,0.1676
12.5,0.4402,0.1688
12.6,0.4418,0.17
12.7,0.4449,0.1711
12.8,0.4462,0.1714
12.9,0.4481,0.1726
13,0.4518,0.1737
13.1,0.4539,0.175
13.2,0.4559,0.1754
13.3,0.4582,0.1757
13.4,0.4596,0.1765
13.5,0.4619,0.1775
13.6,0.4635,0.1778
13.7,0.4666,0.1794
13.8,0.4685,0.1801
13.9,0.4696,0.1805
14,0.4718,0.1817
14.1,0.4737,0.1824
14.2,0.4747,0.1816
14.3,0.4765,0.1833
14.4,0.4784,0.183
14.5,0.4791,0.184
14.6,0.4799,0.1836
14.7,0.4814,0.1843
14.8,0.4829,0.1851
14.9,0.4837,0.1857
15,0.4864,0.1868
15.1,0.4877,0.1869
15.2,0.489,0.1872
15.3,0.4898,0.1871
15.4,0.4895,0.1871
15.5,0.4914,0.1879
15.6,0.4923,0.1884
15.7,0.494,0.1886
15.8,0.4954,0.189
15.9,0.4957,0.1895
16,0.4966,0.1893
16.1,0.498,0.1899
16.2,0.5,0.1906
16.3,0.4998,0.1902
16.4,0.5016,0.1913
16.5,0.5018,0.1915
16.6,0.5042,0.1924
16.7,0.5043,0.1922
16.8,0.5061,0.1933
16.9,0.5063,0.1932
17,0.5063,0.1926
17.1,0.5077,0.1934
17.2,0.5091,0.1938
17.3,0.5103,0.1943
17.4,0.5111,0.1954
17.5,0.5122,0.1947
17.6,0.5143,0.1949
17.7,0.5149,0.1952
17.8,0.515,0.1956
17.9,0.5153,0.1954
18,0.5179,0.197
18.1,0.5181,0.1963
18.2,0.5181,0.1967
18.3,0.5194,0.1968
18.4,0.5204,0.1973
18.5,0.5206,0.1972
18.6,0.5214,0.1977
18.7,0.5227,0.1984
18.8,0.5223,0.1983
18.9,0.5233,0.1987
19,0.5249,0.1985
19.1,0.525,0.1982
19.2,0.5254,0.1988
19.3,0.5276,0.1997
19.4,0.5276,0.2
19.5,0.5292,0.2005
19.6,0.5294,0.1997
19.7,0.5307,0.2003
19.8,0.531,0.2008
19.9,0.5323,0.2016
20,0.5328,0.2009
20.1,0.5324,0.2013
20.2,0.5344,0.202
20.3,0.5343,0.2019
20.4,0.5352,0.2027
20.5,0.5354,0.2018
20.6,0.5361,0.2023
20.7,0.5373,0.2035
20.8,0.5376,0.2029
20.9,0.5378,0.2033
21,0.5382,0.2032
21.1,0.5394,0.2035
21.2,0.5408,0.2032
21.3,0.5405,0.2053
21.4,0.5414,0.2045
21.5,0.5418,0.2053
21.6,0.5425,0.2051
21.7,0.5421,0.2051
21.8,0.5432,0.2055
21.9,0.5432,0.206
22,0.5442,0.2052
22.1,0.5437,0.2053
22.2,0.5441,0.2052
22.3,0.5453,0.2059
22.4,0.5454,0.2068
22.5,0.5464,0.2063
22.6,0.5466,0.2061
22.7,0.5481,0.207
22.8,0.5481,0.2074
22.9,0.5492,0.2071
23,0.5501,0.2076
23.1,0.5504,0.2083
23.2,0.552,0.2086
23.3,0.5517,0.208
23.4,0.5524,0.2083
23.5,0.5527,0.209
23.6,0.5541,0.2094
23.7,0.5553,0.2102
23.8,0.5553,0.2097
23.9,0.5555,0.2103
24,0.5567,0.2103
24.1,0.5573,0.2106
24.2,0.5578,0.2113
24.3,0.5585,0.2113
24.4,0.5595,0.211
24.5,0.5593,0.2108
24.6,0.5595,0.2114
24.7,0.5607,0.211
24.8,0.5613,0.2117
24.9,0.5619,0.2124
25,0.5622,0.2117
25.1,0.5633,0.2126
25.2,0.5638,0.213
25.3,0.565,0.2132
25.4,0.5661,0.2139
25.5,0.566,0.2132
25.6,0.5667,0.2146
25.7,0.5671,0.2146
25.8,0.5685,0.2141
25.9,0.569,0.2149
26,0.5699,0.2155
26.1,0.5706,0.2153
26.2,0.5708,0.2154
26.3,0.5714,0.2164
26.4,0.5718,0.2154
26.5,0.5726,0.2164
26.6,0.5735,0.2165
26.7,0.5736,0.2172
26.8,0.5745,0.2175
26.9,0.5762,0.2179
27,0.5753,0.2174
27.1,0.576,0.2172
27.2,0.5776,0.2185
27.3,0.5786,0.2178
27.4,0.5804,0.2192
27.5,0.5794,0.2184
27.6,0.5806,0.2189
27.7,0.5814,0.2195
27.8,0.5817,0.2191
27.9,0.583,0.2193
28,0.5836,0.2201
28.1,0.5838,0.2198
28.2,0.5844,0.2211
28.3,0.5849,0.2208
28.4,0.5863,0.2213
28.5,0.587,0.2217
28.6,0.587,0.2223
28.7,0.5881,0.2228
28.8,0.5886,0.2223
28.9,0.5902,0.223
29,0.5904,0.2229
29.1,0.5918,0.2236
29.2,0.5922,0.2234
29.3,0.5927,0.2235
29.4,0.5936,0.224
29.5,0.5932,0.2244
29.6,0.5945,0.2249
29.7,0.5951,0.2252
29.8,0.5963,0.2258
29.9,0.5968,0.2256
30,0.5973,0.2256
30.1,0.5978,0.2258
30.2,0.5983,0.226
30.3,0.5992,0.2258
30.4,0.6004,0.2265
30.5,0.6014,0.2269
30.6,0.6018,0.2273
30.7,0.6033,0.2276
30.8,0.6036,0.2279
30.9,0.6046,0.228
31,0.6047,0.2282
31.1,0.606,0.2288
31.2,0.6079,0.2294
31.3,0.6085,0.2296
31.4,0.6086,0.23
31.5,0.6086,0.2304
31.6,0.6092,0.2302
31.7,0.6097,0.2301
31.8,0.6106,0.2305
31.9,0.6122,0.2306
32,0.6132,0.2319
32.1,0.6131,0.2317
32.2,0.6143,0.2314
32.3,0.6145,0.2316
32.4,0.6149,0.232
32.5,0.6155,0.2324
32.6,0.6167,0.2331
32.7,0.6167,0.2322
32.8,0.6181,0.2331
32.9,0.6193,0.2334
33,0.6196,0.2334
33.1,0.6201,0.2343
33.2,0.6213,0.2341
33.3,0.6224,0.2355
33.4,0.6229,0.2351
33.5,0.624,0.2361
33.6,0.6252,0.2352
33.7,0.6259,0.2359
33.8,0.6262,0.2361
33.9,0.6265,0.2363
34,0.6274,0.2363
34.1,0.6279,0.2371
34.2,0.6284,0.2367
34.3,0.6295,0.238
34.4,0.6299,0.2376
34.5,0.6308,0.2385
34.6,0.6323,0.2386
34.7,0.6323,0.2384
34.8,0.6336,0.2394
34.9,0.6344,0.2391
35,0.6348,0.2393
35.1,0.6353,0.2386
35.2,0.6364,0.2402
35.3,0.6375,0.2404
35.4,0.6376,0.2407
35.5,0.639,0.2415
35.6,0.6396,0.2409
35.7,0.6394,0.2406
35.8,0.6416,0.2414
35.9,0.6417,0.2428
36,0.6425,0.2425
36.1,0.6427,0.2431
36.2,0.6446,0.2433
36.3,0.6453,0.2434
36.4,0.6459,0.2438
36.5,0.6468,0.2439
36.6,0.6475,0.2438
36.7,0.6494,0.2441
36.8,0.6495,0.2445
36.9,0.6504,0.2448
37,0.6512,0.2453
37.1,0.6515,0.2463
37.2,0.6522,0.2458
37.3,0.6525,0.2456
37.4,0.6527,0.2467
37.5,0.6539,0.2461
37.6,0.6541,0.2461
37.7,0.6554,0.2462
37.8,0.6556,0.2466
37.9,0.6565,0.2478
38,0.6577,0.2474
38.1,0.6594,0.2485
38.2,0.6599,0.2475
38.3,0.6615,0.2495
38.4,0.6616,0.2491
38.5,0.6629,0.2496
38.6,0.6633,0.2497
38.7,0.6637,0.2497
38.8,0.6647,0.2505
38.9,0.6657,0.2505
39,0.6664,0.2507
39.1,0.6668,0.2512
39.2,0.6675,0.2512
39.3,0.6684,0.2521
39.4,0.6692,0.2526
39.5,0.6703,0.2528
39.6,0.671,0.2527
39.7,0.6715,0.2531
39.8,0.6723,0.2537
39.9,0.6733,0.2537
40,0.6736,0.2537
40.1,0.6744,0.2546
40.2,0.675,0.2543
40.3,0.6766,0.2553
40.4,0.677,0.2554
40.5,0.6774,0.255
40.6,0.679,0.2559
40.7,0.6801,0.2563
40.8,0.6805,0.2567
40.9,0.6815,0.2566
41,0.6827,0.2574
41.1,0.6833,0.2576
41.2,0.6843,0.258
41.3,0.6864,0.2582
41.4,0.6867,0.259
41.5,0.6868,0.2587
41.6,0.6876,0.2586
41.7,0.6884,0.2592
41.8,0.6875,0.2589
41.9,0.6892,0.2595
42,0.6901,0.2597
42.1,0.691,0.2599
42.2,0.692,0.2601
42.3,0.6929,0.2607
42.4,0.6935,0.2605
42.5,0.6931,0.261
42.6,0.695,0.2613
42.7,0.6958,0.2626
42.8,0.6969,0.2623
42.9,0.6968,0.2619
43,0.6974,0.2627
43.1,0.698,0.2625
43.2,0.6999,0.2637
43.3,0.6998,0.2634
43.4,0.7009,0.2644
43.5,0.7014,0.264
43.6,0.7029,0.2651
43.7,0.7035,0.2652
43.8,0.7049,0.2653
43.9,0.7049,0.2654
44,0.7055,0.266
44.1,0.7063,0.266
44.2,0.7072,0.2665
44.3,0.7081,0.2672
44.4,0.7106,0.2682
44.5,0.7111,0.2682
44.6,0.7114,0.2685
44.7,0.7128,0.269
44.8,0.7129,0.2689
44.9,0.7134,0.2692
45,0.7151,0.2693
45.1,0.715,0.2697
45.2,0.7154,0.2699
45.3,0.7157,0.2694
45.4,0.7172,0.2701
45.5,0.7186,0.2703
45.6,0.7192,0.2713
45.7,0.7203,0.2722
45.8,0.7216,0.2723
45.9,0.7224,0.2724
46,0.723,0.273
46.1,0.7237,0.2727
46.2,0.7252,0.2731
46.3,0.7266,0.2733
46.4,0.7269,0.2735
46.5,0.7275,0.274
46.6,0.7281,0.275
46.7,0.7293,0.2748
46.8,0.7292,0.2748
46.9,0.7306,0.2751
47,0.7313,0.276
47.1,0.732,0.2762
47.2,0.7326,0.2766
47.3,0.7334,0.2764
47.4,0.7344,0.2772
47.5,0.7347,0.2772
47.6,0.7356,0.2773
47.7,0.7364,0.2774
47.8,0.737,0.2782
47.9,0.7382,0.278
48,0.7401,0.2792
48.1,0.7408,0.2797
48.2,0.7418,0.2793
48.3,0.7418,0.2792
48.4,0.7434,0.2798
48.5,0.7441,0.2811
48.6,0.7451,0.2808
48.7,0.7463,0.2822
48.8,0.7474,0.2813
48.9,0.7479,0.2815
49,0.7495,0.2826
49.1,0.7502,0.2834
49.2,0.7505,0.2828
49.3,0.7516,0.2839
49.4,0.7517,0.2833
49.5,0.753,0.2846
49.6,0.7544,0.2841
49.7,0.756,0.2857
49.8,0.7553,0.2849
49.9,0.7557,0.2845
50,0.7576,0.2857
50.1,0.7575,0.2857
50.2,0.7586,0.2853
50.3,0.7602,0.2866
50.4,0.7599,0.286
50.5,0.7616,0.2877
50.6,0.7626,0.2875
50.7,0.7636,0.2885
50.8,0.7648,0.288
50.9,0.7662,0.2884
51,0.7678,0.2899
51.1,0.7689,0.2903
51.2,0.7687,0.2901
51.3,0.7682,0.2901
51.4,0.7697,0.2899
51.5,0.7702,0.2907
51.6,0.7716,0.2908
51.7,0.7736,0.2921
51.8,0.7736,0.2917
51.9,0.7746,0.2918
52,0.7752,0.2928
52.1,0.7772,0.2932
52.2,0.7771,0.2928
52.3,0.779,0.2938
52.4,0.7789,0.2938
52.5,0.7792,0.294
52.6,0.7805,0.2943
52.7,0.7808,0.2943
52.8,0.7824,0.2955
52.9,0.7829,0.295
53,0.7836,0.2952
53.1,0.7844,0.2952
53.2,0.7852,0.2956
53.3,0.7867,0.2971
53.4,0.7877,0.297
53.5,0.7881,0.2977
53.6,0.7894,0.2986
53.7,0.7894,0.2978
53.8,0.7919,0.2995
53.9,0.7924,0.2989
54,0.7937,0.2991
54.1,0.7941,0.3
54.2,0.795,0.3
54.3,0.796,0.3005
54.4,0.7968,0.301
54.5,0.7974,0.3009
54.6,0.7989,0.3019
54.7,0.7989,0.3009
54.8,0.8004,0.3016
54.9,0.801,0.3023
55,0.8007,0.3025
55.1,0.8018,0.3027
55.2,0.8036,0.3036
55.3,0.8047,0.3038
55.4,0.8051,0.3045
55.5,0.8064,0.3045
55.6,0.8081,0.3056
55.7,0.8078,0.3052
55.8,0.8106,0.3064
55.9,0.8112,0.3065
56,0.8117,0.3065
56.1,0.8123,0.3065
56.2,0.8137,0.307
56.3,0.8141,0.3078
56.4,0.8145,0.3081
56.5,0.8152,0.3081
56.6,0.8174,0.3086
56.7,0.8185,0.309
56.8,0.8188,0.3089
56.9,0.8188,0.3096
57,0.821,0.3105
57.1,0.8209,0.3103
57.2,0.8224,0.3108
57.3,0.8223,0.3106
57.4,0.8233,0.3115
57.5,0.8245,0.3114
57.6,0.8257,0.3121
57.7,0.8255,0.3119
57.8,0.8279,0.3128
57.9,0.8288,0.3136
58,0.8293,0.313
58.1,0.8305,0.3139
58.2,0.8324,0.3146
58.3,0.8329,0.3142
58.4,0.8331,0.3153
58.5,0.8333,0.315
58.6,0.835,0.3157
58.7,0.835,0.316
58.8,0.8366,0.3164
58.9,0.8367,0.3165
59,0.8379,0.3163
59.1,0.8383,0.3165
59.2,0.8392,0.3174
59.3,0.8401,0.3173
59.4,0.8419,0.318
59.5,0.8422,0.3188
59.6,0.8437,0.3188
59.7,0.8444,0.3191
59.8,0.8453,0.3196
59.9,0.8462,0.3195
60,0.8466,0.3203
60.1,0.8482,0.32
60.2,0.8483,0.3204
60.3,0.849,0.321
60.4,0.8507,0.3219
60.5,0.8516,0.3221
60.6,0.8516,0.322
60.7,0.8526,0.3223
60.8,0.8535,0.3224
60.9,0.855,0.3237
61,0.8566,0.3234
61.1,0.8579,0.3244
61.2,0.8578,0.3243
61.3,0.8585,0.3243
61.4,0.86,0.3255
61.5,0.8608,0.3253
61.6,0.8608,0.3261
61.7,0.8621,0.326
61.8,0.8631,0.3267
61.9,0.8637,0.3263
62,0.8646,0.3264
62.1,0.866,0.3272
62.2,0.8663,0.3276
62.3,0.8674,0.328
62.4,0.868,0.3276
62.5,0.8686,0.3283
62.6,0.8694,0.3284
62.7,0.8703,0.3293
62.8,0.8718,0.33
62.9,0.8724,0.33
63,0.8737,0.3304
63.1,0.8757,0.3313
63.2,0.8755,0.3313
63.3,0.8765,0.331
63.4,0.8768,0.3314
63.5,0.8786,0.3325
63.6,0.8787,0.333
63.7,0.8796,0.3327
63.8,0.8806,0.3334
63.9,0.8812,0.3336
64,0.8818,0.3338
64.1,0.8831,0.334
64.2,0.8834,0.3346
64.3,0.8851,0.3346
64.4,0.886,0.3353
64.5,0.8873,0.3357
64.6,0.8875,0.3361
64.7,0.8887,0.3367
64.8,0.8889,0.3362
64.9,0.8901,0.3368
65,0.8902,0.3371
65.1,0.8919,0.3383
65.2,0.8926,0.3383
65.3,0.8927,0.3375
65.4,0.8952,0.3385
65.5,0.8963,0.339
65.6,0.897,0.3393
65.7,0.8978,0.3399
65.8,0.8991,0.341
65.9,0.8988,0.3396
66,0.9005,0.3407
66.1,0.9014,0.3422
66.2,0.9026,0.3419
66.3,0.9031,0.3424
66.4,0.9044,0.3427
66.5,0.904,0.343
66.6,0.9052,0.3431
66.7,0.9065,0.3438
66.8,0.9072,0.3442
66.9,0.9092,0.3448
67,0.9088,0.3439
67.1,0.9102,0.3452
67.2,0.9113,0.3457
67.3,0.9126,0.346
67.4,0.9134,0.3459
67.5,0.9143,0.3465
67.6,0.9141,0.3465
67.7,0.9163,0.3467
67.8,0.9168,0.3466
67.9,0.9179,0.347
68,0.9182,0.3481
68.1,0.9193,0.3485
68.2,0.9196,0.3491
68.3,0.9197,0.3483
68.4,0.9215,0.3495
68.5,0.9223,0.3496
68.6,0.9239,0.3505
68.7,0.9244,0.3513
68.8,0.9242,0.3512
68.9,0.9255,0.3517
69,0.9268,0.3519
69.1,0.9282,0.3532
69.2,0.9296,0.3534
69.3,0.9306,0.3537
69.4,0.9312,0.3539
69.5,0.9319,0.3537
69.6,0.9328,0.3549
69.7,0.9338,0.3544
69.8,0.9353,0.3551
69.9,0.9357,0.3549
70,0.936,0.3556
70.1,0.9372,0.3562
70.2,0.9376,0.356
70.3,0.9382,0.3564
70.4,0.9404,0.3567
70.5,0.9406,0.3571
70.6,0.9415,0.3577
70.7,0.9429,0.3583
70.8,0.9442,0.3589
70.9,0.9453,0.3597
71,0.9459,0.3601
71.1,0.9471,0.3604
71.2,0.9474,0.3601
71.3,0.9481,0.3604
71.4,0.9479,0.3611
71.5,0.95,0.3613
71.6,0.9502,0.3612
71.7,0.9506,0.3622
71.8,0.951,0.3626
71.9,0.952,0.3624
72,0.9526,0.3627
72.1,0.9549,0.3637
72.2,0.9559,0.3641
72.3,0.9569,0.3642
72.4,0.9578,0.3649
72.5,0.9593,0.3656
72.6,0.9594,0.3657
72.7,0.9615,0.3664
72.8,0.9621,0.3665
72.9,0.9621,0.3667
73,0.9632,0.3676
73.1,0.9634,0.368
73.2,0.9657,0.3683
73.3,0.9662,0.3686
73.4,0.9663,0.3685
73.5,0.9677,0.3692
73.6,0.9679,0.3691
73.7,0.969,0.3698
73.8,0.9687,0.3699
73.9,0.9713,0.3702
74,0.9722,0.3712
74.1,0.972,0.3718
74.2,0.9731,0.3719
74.3,0.9739,0.3727
74.4,0.9754,0.3722
74.5,0.9755,0.3731
74.6,0.977,0.3734
74.7,0.9773,0.3731
74.8,0.979,0.3738
74.9,0.98,0.3748
75,0.9819,0.3758
75.1,0.982,0.3753
75.2,0.9831,0.3757
75.3,0.985,0.3764
75.4,0.9852,0.3774
75.5,0.9865,0.3774
75.6,0.9873,0.378
75.7,0.9876,0.3781
75.8,0.9884,0.3786
75.9,0.9891,0.3793
76,0.99,0.3794
76.1,0.9902,0.3803
76.2,0.9912,0.38
76.3,0.9925,0.381
76.4,0.9937,0.3815
76.5,0.9939,0.3823
76.6,0.9955,0.3818
76.7,0.995,0.3823
76.8,0.9969,0.3828
76.9,0.9982,0.3833
77,0.9997,0.3848
77.1,1.0002,0.3845
77.2,1.0009,0.3845
77.3,1.0007,0.3844
77.4,1.0036,0.3856
77.5,1.0031,0.3861
77.6,1.0042,0.3862
77.7,1.0045,0.3865
77.8,1.0063,0.3876
77.9,1.0068,0.3885
78,1.0075,0.3881
78.1,1.0079,0.389
78.2,1.0089,0.3889
78.3,1.0098,0.3896
78.4,1.0111,0.3904
78.5,1.0122,0.3914
78.6,1.0132,0.3916
78.7,1.0147,0.3922
78.8,1.0154,0.3928
78.9,1.016,0.3931
79,1.0176,0.3938
79.1,1.0179,0.3936
79.2,1.0181,0.3938
79.3,1.0192,0.3945
79.4,1.0198,0.3952
79.5,1.0203,0.3958
79.6,1.0222,0.396
79.7,1.023,0.3964
79.8,1.0239,0.3975
79.9,1.0246,0.3972
80,1.0258,0.3986
80.1,1.0267,0.3987
80.2,1.0286,0.399
80.3,1.0293,0.3998
80.4,1.0296,0.4002
80.5,1.0304,0.4015
80.6,1.0313,0.4014
80.7,1.0318,0.402
80.8,1.032,0.4024
80.9,1.0354,0.4036
81,1.0357,0.404
81.1,1.0356,0.4041
81.2,1.0368,0.4051
81.3,1.0361,0.4053
81.4,1.0377,0.4064
81.5,1.0385,0.406
81.6,1.0393,0.4068
81.7,1.0404,0.407
81.8,1.0413,0.4075
81.9,1.0421,0.408
82,1.0425,0.4083
82.1,1.0438,0.4088
82.2,1.0443,0.4096
82.3,1.0464,0.4114
82.4,1.0449,0.4099
82.5,1.0472,0.4115
82.6,1.0489,0.4122
82.7,1.0498,0.4133
82.8,1.0495,0.4134
82.9,1.0504,0.414
83,1.0512,0.4146
83.1,1.0518,0.4146
83.2,1.0527,0.4152
83.3,1.0537,0.4166
83.4,1.0538,0.4165
83.5,1.0553,0.4179
83.6,1.0557,0.4178
83.7,1.0562,0.4188
83.8,1.0566,0.4189
83.9,1.0577,0.4196
84,1.0589,0.4203
84.1,1.0594,0.4213
84.2,1.06,0.4218
84.3,1.0613,0.4226
84.4,1.0626,0.4232
84.5,1.0641,0.4241
84.6,1.0647,0.4243
84.7,1.0651,0.4252
84.8,1.0665,0.4263
84.9,1.0672,0.4264
85,1.0681,0.4282
85.1,1.0686,0.4281
85.2,1.0682,0.4288
85.3,1.0693,0.4297
85.4,1.0712,0.4302
85.5,1.0709,0.4313
85.6,1.0723,0.4319
85.7,1.073,0.4323
85.8,1.0734,0.4325
85.9,1.0744,0.4338
86,1.0745,0.4345
86.1,1.0775,0.4364
86.2,1.0779,0.4377
86.3,1.0791,0.4379
86.4,1.0787,0.4389
86.5,1.0803,0.4391
86.6,1.08,0.4405
86.7,1.0808,0.441
86.8,1.0804,0.4411
86.9,1.0819,0.4422
87,1.0836,0.4433
87.1,1.0834,0.4432
87.2,1.0841,0.4443
87.3,1.0852,0.4452
87.4,1.0857,0.4459
87.5,1.0866,0.4468
87.6,1.0883,0.4477
87.7,1.089,0.4492
87.8,1.0898,0.4501
87.9,1.0899,0.4501
88,1.0911,0.4511
88.1,1.0922,0.4531
88.2,1.092,0.4532
88.3,1.0925,0.4543
88.4,1.0941,0.4559
88.5,1.0939,0.4561
88.6,1.0947,0.4571
88.7,1.0954,0.4586
88.8,1.097,0.46
88.9,1.0965,0.4608
89,1.0984,0.4619
89.1,1.0982,0.4626
89.2,1.0991,0.4639
89.3,1.0995,0.4642
89.4,1.1014,0.4651
89.5,1.1019,0.4665
89.6,1.1019,0.4679
89.7,1.1026,0.4693
89.8,1.1035,0.4708
89.9,1.104,0.472
90,1.1052,0.4731
90.1,1.106,0.475
90.2,1.1063,0.4759
90.3,1.1067,0.4764
90.4,1.1071,0.4774
90.5,1.1091,0.4789
90.6,1.1094,0.4798
90.7,1.1094,0.4816
90.8,1.1111,0.4828
90.9,1.1116,0.4841
91,1.112,0.4861
91.1,1.1127,0.4869
91.2,1.1136,0.4891
91.3,1.1135,0.4899
91.4,1.1138,0.4927
91.5,1.1144,0.4937
91.6,1.1147,0.4947
91.7,1.1153,0.4956
91.8,1.1153,0.4967
91.9,1.1171,0.4979
92,1.117,0.4998
92.1,1.1178,0.5013
92.2,1.1186,0.5035
92.3,1.1195,0.5048
92.4,1.1204,0.5077
92.5,1.1205,0.509
92.6,1.1206,0.5106
92.7,1.121,0.5115
92.8,1.1214,0.5136
92.9,1.1217,0.5153
93,1.1234,0.5171
93.1,1.1242,0.5193
93.2,1.1238,0.5214
93.3,1.1242,0.523
93.4,1.1247,0.5245
93.5,1.1255,0.527
93.6,1.1254,0.5284
93.7,1.1268,0.5303
93.8,1.1274,0.5326
93.9,1.1273,0.5345
94,1.1281,0.5365
94.1,1.1292,0.539
94.2,1.1285,0.5412
94.3,1.1296,0.5432
94.4,1.1297,0.5454
94.5,1.1305,0.5482
94.6,1.1297,0.5501
94.7,1.1314,0.5519
94.8,1.1318,0.5545
94.9,1.1316,0.5558
95,1.1318,0.5572
95.1,1.1325,0.5597
95.2,1.1332,0.5619
95.3,1.1331,0.5638
95.4,1.135,0.567
95.5,1.1345,0.569
95.6,1.1346,0.5719
95.7,1.1353,0.5753
95.8,1.1359,0.5784
95.9,1.1365,0.582
96,1.1359,0.584
96.1,1.1356,0.5859
96.2,1.1363,0.5888
96.3,1.1368,0.5911
96.4,1.1369,0.5931
96.5,1.1377,0.5968
96.6,1.1382,0.5992
96.7,1.1371,0.6004
96.8,1.1385,0.604
96.9,1.139,0.6062
97,1.1386,0.6094
97.1,1.139,0.6118
97.2,1.1393,0.614
97.3,1.1403,0.6167
97.4,1.1404,0.6199
97.5,1.1405,0.6226
97.6,1.1408,0.6256
97.7,1.1401,0.6277
97.8,1.1409,0.631
97.9,1.1417,0.6336
98,1.1419,0.6366
98.1,1.1414,0.6389
98.2,1.1426,0.6428
98.3,1.1429,0.6456
98.4,1.1422,0.6483
98.5,1.1431,0.6518
98.6,1.1434,0.6554
98.7,1.1426,0.6565
98.8,1.1434,0.6608
98.9,1.1435,0.6636
99,1.1439,0.667
99.1,1.1442,0.6698
99.2,1.1435,0.6727
99.3,1.1448,0.6755
99.4,1.1446,0.6786
99.5,1.1451,0.6815
99.6,1.145,0.6852
99.7,1.1453,0.6869
99.8,1.1458,0.691
99.9,1.1457,0.694
100,1.1456,0.6966
100.1,1.1466,0.7004
100.2,1.146,0.7032
100.3,1.1459,0.7067
100.4,1.1462,0.7106
100.5,1.1474,0.7142
100.6,1.1463,0.7173
100.7,1.1472,0.7207
100.8,1.1465,0.7238
100.9,1.1472,0.726
101,1.1468,0.7295
101.1,1.1476,0.7325
101.2,1.1474,0.7352
101.3,1.1483,0.7389
101.4,1.1487,0.7423
101.5,1.1493,0.7464
101.6,1.1491,0.7501
101.7,1.1492,0.7529
101.8,1.1493,0.7569
101.9,1.1489,0.7603
102,1.1492,0.7636
102.1,1.1482,0.7672
102.2,1.1489,0.7693
102.3,1.1495,0.7736
102.4,1.1496,0.7771
102.5,1.1494,0.7805
102.6,1.1489,0.783
102.7,1.1503,0.7864
102.8,1.1504,0.7897
102.9,1.1495,0.7925
103,1.1495,0.7959
103.1,1.1505,0.7994
103.2,1.1514,0.8032
103.3,1.1508,0.8071
103.4,1.1512,0.8109
103.5,1.1519,0.8154
103.6,1.1524,0.8187
103.7,1.1517,0.8224
103.8,1.1515,0.8257
103.9,1.151,0.8288
104,1.151,0.8323
104.1,1.1521,0.8363
104.2,1.1524,0.8406
104.3,1.1521,0.8436
104.4,1.1519,0.8472
104.5,1.1516,0.8504
104.6,1.1518,0.8534
104.7,1.1521,0.8568
104.8,1.1527,0.8604
104.9,1.1526,0.864
105,1.1534,0.8671
105.1,1.1528,0.8707
105.2,1.1534,0.8745
105.3,1.1533,0.8785
105.4,1.1531,0.8817
105.5,1.1537,0.886
105.6,1.1535,0.8891
105.7,1.1531,0.893
105.8,1.1536,0.8974
105.9,1.1532,0.9006
106,1.1531,0.9034
106.1,1.1531,0.9065
106.2,1.1537,0.9102
106.3,1.1539,0.9136
106.4,1.1541,0.9175
106.5,1.1544,0.9221
106.6,1.1546,0.9259
106.7,1.1547,0.9299
106.8,1.1544,0.9338
106.9,1.155,0.9376
107,1.1548,0.9411
107.1,1.1539,0.9438
107.2,1.1545,0.9472
107.3,1.1552,0.9516
107.4,1.155,0.9554
107.5,1.1556,0.9589
107.6,1.1546,0.962
107.7,1.1549,0.9659
107.8,1.1549,0.9698
107.9,1.1558,0.9738
108,1.1557,0.9778
108.1,1.1562,0.9821
108.2,1.1558,0.9857
108.3,1.1558,0.9893
108.4,1.1552,0.9931
108.5,1.1562,0.9973
108.6,1.1555,1.0009
108.7,1.1558,1.0047
108.8,1.1553,1.0088
108.9,1.1562,1.0119
109,1.1567,1.0161
109.1,1.1564,1.0194
109.2,1.1564,1.0232
109.3,1.1564,1.0276
109.4,1.1571,1.0319
109.5,1.1565,1.0344
109.6,1.1572,1.0385
109.7,1.1571,1.0429
109.8,1.1564,1.046
109.9,1.1566,1.0498
110,1.1568,1.0536
110.1,1.1568,1.057
110.2,1.1571,1.0605
110.3,1.1574,1.0653
110.4,1.1569,1.0685
110.5,1.1571,1.0726
110.6,1.1569,1.076
110.7,1.1569,1.0804
110.8,1.1579,1.0841
110.9,1.1573,1.0877
111,1.1581,1.0922
111.1,1.1586,1.0969
111.2,1.1582,1.1014
111.3,1.1578,1.1059
111.4,1.1579,1.1102
111.5,1.1575,1.1142
111.6,1.1577,1.1182
111.7,1.1581,1.122
111.8,1.1577,1.1261
111.9,1.1576,1.1303
112,1.1571,1.1333
112.1,1.1575,1.1371
112.2,1.1579,1.1406
112.3,1.1581,1.1451
112.4,1.1582,1.1486
112.5,1.1586,1.1517
112.6,1.1584,1.1561
112.7,1.1592,1.1605
112.8,1.1591,1.1651
112.9,1.1592,1.1697
113,1.1591,1.1735
113.1,1.1591,1.177
113.2,1.1587,1.1811
113.3,1.1595,1.1857
113.4,1.1592,1.1902
113.5,1.159,1.1943
113.6,1.1594,1.1978
113.7,1.1586,1.2025
113.8,1.1589,1.206
113.9,1.1591,1.21
114,1.16,1.2137
114.1,1.16,1.2178
114.2,1.1609,1.2233
114.3,1.1601,1.2274
114.4,1.16,1.2318
114.5,1.1595,1.2352
114.6,1.16,1.2399
114.7,1.1595,1.2432
114.8,1.1602,1.2472
114.9,1.1608,1.2509
115,1.1598,1.2555
115.1,1.1601,1.2596
115.2,1.1598,1.2639
115.3,1.1601,1.2673
115.4,1.1604,1.2718
115.5,1.1602,1.2752
115.6,1.1598,1.2792
115.7,1.1603,1.2844
115.8,1.1603,1.2881
115.9,1.1615,1.2931
116,1.1608,1.2974
116.1,1.161,1.3014
116.2,1.1609,1.3056
116.3,1.1607,1.3099
116.4,1.1607,1.3138
116.5,1.1607,1.3186
116.6,1.1606,1.3221
116.7,1.1608,1.3263
116.8,1.1615,1.3303
116.9,1.1618,1.3347
117,1.1614,1.3391
117.1,1.161,1.3428
117.2,1.1617,1.3482
117.3,1.1618,1.3526
117.4,1.1611,1.3566
117.5,1.1619,1.3615
117.6,1.1613,1.365
117.7,1.1603,1.3686
117.8,1.1609,1.3726
117.9,1.1614,1.3768
118,1.1611,1.3803
118.1,1.1618,1.385
118.2,1.1615,1.3888
118.3,1.1618,1.3924
118.4,1.1618,1.3957
118.5,1.1618,1.3998
118.6,1.1627,1.4038
118.7,1.1625,1.4082
118.8,1.1625,1.4122
118.9,1.1627,1.4161
119,1.163,1.4209
119.1,1.1624,1.4254
119.2,1.1634,1.4297
119.3,1.1634,1.4348
119.4,1.1633,1.439
119.5,1.1628,1.443
119.6,1.1625,1.447
119.7,1.1624,1.4514
119.8,1.1617,1.4543
119.9,1.1629,1.459
120,1.1638,1.4624
120.1,1.1628,1.467
120.2,1.1631,1.4711
120.3,1.1638,1.4755
120.4,1.1634,1.4798
120.5,1.1634,1.484
120.6,1.1644,1.4885
120.7,1.1642,1.493
120.8,1.1644,1.4979
120.9,1.1632,1.5016
121,1.1632,1.506
121.1,1.1629,1.5102
121.2,1.164,1.5145
121.3,1.1634,1.5183
121.4,1.1639,1.5229
121.5,1.1633,1.527
121.6,1.1636,1.5311
121.7,1.1637,1.535
121.8,1.1637,1.5388
121.9,1.1641,1.543
122,1.1647,1.5479
122.1,1.1643,1.5521
122.2,1.165,1.5565
122.3,1.164,1.5606
122.4,1.1641,1.5647
122.5,1.1649,1.5684
122.6,1.1647,1.5736
122.7,1.1645,1.5773
122.8,1.1639,1.5816
122.9,1.1649,1.5856
123,1.1652,1.5898
123.1,1.1649,1.5944
123.2,1.1645,1.5978
123.3,1.1646,1.602
123.4,1.1653,1.6066
123.5,1.1647,1.6108
123.6,1.1652,1.6155
123.7,1.1654,1.6196
123.8,1.1652,1.6235
123.9,1.1655,1.6283
124,1.1662,1.633
124.1,1.1648,1.6371
124.2,1.1659,1.6417
124.3,1.1653,1.646
124.4,1.166,1.6501
124.5,1.1662,1.6548
124.6,1.1655,1.66
124.7,1.1652,1.6641
124.8,1.1661,1.6691
124.9,1.1658,1.6726
125,1.1658,1.677
125.1,1.1665,1.6816
125.2,1.1659,1.6853
125.3,1.1669,1.6904
125.4,1.1657,1.694
125.5,1.1657,1.6984
125.6,1.1652,1.7024
125.7,1.166,1.7057
125.8,1.166,1.711
125.9,1.1659,1.7138
126,1.1656,1.7177
126.1,1.1673,1.7228
126.2,1.1668,1.727
126.3,1.1664,1.7307
126.4,1.1671,1.7356
126.5,1.168,1.7415
126.6,1.1677,1.7463
126.7,1.1674,1.7508
126.8,1.1674,1.7554
126.9,1.1677,1.7604
127,1.1664,1.764
127.1,1.1669,1.769
127.2,1.1663,1.7724
127.3,1.1673,1.776
127.4,1.1669,1.7809
127.5,1.1664,1.7847
127.6,1.1662,1.7887
127.7,1.1672,1.7927
127.8,1.1675,1.7974
127.9,1.1678,1.8021
128,1.1673,1.806
128.1,1.1683,1.8105
128.2,1.1687,1.8152
128.3,1.1688,1.8204
128.4,1.1685,1.8252
128.5,1.1683,1.8308
128.6,1.168,1.8357
128.7,1.1676,1.8401
128.8,1.1678,1.8445
128.9,1.1676,1.8495
129,1.1676,1.8523
129.1,1.1679,1.858
129.2,1.1679,1.862
129.3,1.1676,1.8665
129.4,1.169,1.8711
129.5,1.1679,1.8756
129.6,1.168,1.8795
129.7,1.1684,1.8836
129.8,1.1685,1.8893
129.9,1.1684,1.8933
130,1.1686,1.8972
130.1,1.169,1.9017
130.2,1.1687,1.9061
130.3,1.1689,1.9107
130.4,1.1683,1.9149
130.5,1.1688,1.9192
130.6,1.169,1.9231
130.7,1.1688,1.9276
130.8,1.1682,1.9316
130.9,1.169,1.9364
131,1.1687,1.9402
131.1,1.1678,1.9441
131.2,1.17,1.9491
131.3,1.1704,1.9546
131.4,1.1698,1.9585
131.5,1.169,1.9634
131.6,1.1698,1.9679
131.7,1.1699,1.9721
131.8,1.1688,1.9767
131.9,1.1695,1.9817
132,1.1695,1.9849
132.1,1.1699,1.9901
132.2,1.1707,1.9947
132.3,1.1689,1.9991
132.4,1.1702,2.0039
132.5,1.1701,2.009
132.6,1.1698,2.013
132.7,1.1703,2.0171
132.8,1.1702,2.0224
132.9,1.1694,2.0269
133,1.1705,2.0312
133.1,1.1697,2.0355
133.2,1.1703,2.0397
133.3,1.1701,2.0439
133.4,1.1694,2.0476
133.5,1.1696,2.0521
133.6,1.1694,2.0562
133.7,1.1694,2.0605
133.8,1.1705,2.065
133.9,1.1707,2.0689
134,1.1706,2.0729
134.1,1.1704,2.0764
134.2,1.1718,2.0821
134.3,1.1708,2.0868
134.4,1.1714,2.0909
134.5,1.1713,2.0953
134.6,1.171,2.0993
134.7,1.171,2.1043
134.8,1.1715,2.1085
134.9,1.1706,2.1137
135,1.1714,2.1182
135.1,1.1707,2.1219
135.2,1.1705,2.1268
135.3,1.1702,2.131
135.4,1.1714,2.1353
135.5,1.171,2.1395
135.6,1.1716,2.1439
135.7,1.1709,2.1482
135.8,1.1721,2.1532
135.9,1.173,2.1578
136,1.1723,2.1627
136.1,1.1714,2.1678
136.2,1.1721,2.1727
136.3,1.172,2.1768
136.4,1.1714,2.18
136.5,1.1722,2.1855
136.6,1.1716,2.1893
136.7,1.172,2.194
136.8,1.1718,2.1978
136.9,1.1714,2.2024
137,1.1726,2.2065
137.1,1.1717,2.211
137.2,1.1721,2.216
137.3,1.1718,2.2203
137.4,1.1727,2.2252
137.5,1.1736,2.2298
137.6,1.1733,2.2346
137.7,1.1729,2.24
137.8,1.1726,2.2444
137.9,1.1724,2.2488
138,1.1729,2.2538
138.1,1.1724,2.2578
138.2,1.1718,2.2621
138.3,1.1716,2.2653
138.4,1.1729,2.2706
138.5,1.1723,2.2742
138.6,1.1728,2.2788
138.7,1.1724,2.2821
138.8,1.1726,2.2865
138.9,1.1738,2.2918
139,1.173,2.2957
139.1,1.1735,2.301
139.2,1.1739,2.3061
139.3,1.1732,2.3106
139.4,1.1731,2.3148
139.5,1.1737,2.3195
139.6,1.1732,2.3234
139.7,1.1735,2.3285
139.8,1.1737,2.333
139.9,1.1738,2.3378
140,1.1733,2.3424
140.1,1.1736,2.3475
140.2,1.1728,2.3507
140.3,1.1731,2.3555
140.4,1.1734,2.3593
140.5,1.174,2.3638
140.6,1.1742,2.3688
140.7,1.1742,2.3732
140.8,1.1741,2.3782
140.9,1.1732,2.382
141,1.1738,2.3861
141.1,1.1734,2.3908
141.2,1.174,2.3958
141.3,1.1741,2.3998
141.4,1.1739,2.404
141.5,1.1736,2.4077
141.6,1.1751,2.4142
141.7,1.1751,2.4183
141.8,1.175,2.4236
141.9,1.1749,2.4275
142,1.1747,2.4327
142.1,1.1754,2.4374
142.2,1.1748,2.4418
142.3,1.1747,2.4464
142.4,1.1748,2.4514
142.5,1.1748,2.4561
142.6,1.1738,2.4594
142.7,1.1744,2.4639
142.8,1.1743,2.4684
142.9,1.1739,2.4719
143,1.1742,2.4768
143.1,1.174,2.4812
143.2,1.1735,2.4847
143.3,1.175,2.4893
143.4,1.1755,2.4952
143.5,1.1749,2.4986
143.6,1.1758,2.5032
143.7,1.1758,2.508
143.8,1.1756,2.5125
143.9,1.176,2.5173
144,1.176,2.5228
144.1,1.1756,2.5278
144.2,1.1752,2.5317
144.3,1.1747,2.5357
144.4,1.1749,2.5399
144.5,1.1756,2.5444
144.6,1.1749,2.5487
144.7,1.1752,2.5531
144.8,1.1754,2.5578
144.9,1.1761,2.5625
145,1.1752,2.5666
145.1,1.1759,2.5711
145.2,1.1768,2.5767
145.3,1.1758,2.5814
145.4,1.1765,2.586
145.5,1.1768,2.5916
145.6,1.1761,2.5962
145.7,1.1767,2.6013
145.8,1.1751,2.6056
145.9,1.1754,2.6092
146,1.1751,2.6128
146.1,1.1758,2.6168
146.2,1.1751,2.6208
146.3,1.1758,2.6255
146.4,1.1769,2.6302
146.5,1.1766,2.6347
146.6,1.1759,2.6386
146.7,1.1759,2.6432
146.8,1.1762,2.6477
146.9,1.1769,2.6519
147,1.1769,2.6568
147.1,1.1769,2.6606
147.2,1.1762,2.6643
147.3,1.1773,2.6696
147.4,1.1759,2.6737
147.5,1.1773,2.6787
147.6,1.1772,2.6834
147.7,1.1771,2.6882
147.8,1.1769,2.6925
147.9,1.1773,2.6975
148,1.1776,2.7024
148.1,1.1774,2.7067
148.2,1.1767,2.711
148.3,1.1768,2.7153
148.4,1.1777,2.7204
148.5,1.1778,2.7252
148.6,1.177,2.7293
148.7,1.1775,2.7336
148.8,1.1771,2.7383
148.9,1.1774,2.7421
149,1.1772,2.7469
149.1,1.1778,2.7512
149.2,1.1782,2.7553
149.3,1.1776,2.7604
149.4,1.1782,2.7646
149.5,1.1776,2.7694
149.6,1.1779,2.7734
149.7,1.1782,2.7788
149.8,1.1783,2.7834
149.9,1.1779,2.7886
150,1.1784,2.7934
150.1,1.1779,2.7984
150.2,1.1778,2.803
150.3,1.1777,2.8075
150.4,1.178,2.8114
150.5,1.177,2.8152
150.6,1.1776,2.8197
150.7,1.178,2.8246
150.8,1.1777,2.8293
150.9,1.1775,2.833
151,1.1785,2.8371
151.1,1.1781,2.8414
151.2,1.1791,2.8465
151.3,1.1784,2.851
151.4,1.1782,2.855
151.5,1.1791,2.8605
151.6,1.1788,2.8648
151.7,1.1785,2.8694
151.8,1.179,2.874
151.9,1.1783,2.8789
152,1.1781,2.8824
152.1,1.1788,2.8869
152.2,1.178,2.8913
152.3,1.1777,2.8957
152.4,1.1783,2.8997
152.5,1.1787,2.9046
152.6,1.1788,2.9086
152.7,1.1788,2.9134
152.8,1.1787,2.918
152.9,1.179,2.9221
153,1.1798,2.9271
153.1,1.1795,2.932
153.2,1.1801,2.9372
153.3,1.1792,2.9419
153.4,1.1792,2.9462
153.5,1.1785,2.95
153.6,1.1787,2.9544
153.7,1.179,2.9583
153.8,1.1792,2.9627
153.9,1.179,2.9668
154,1.1796,2.9715
154.1,1.1796,2.976
154.2,1.1788,2.9801
154.3,1.1791,2.9846
154.4,1.1794,2.9889
154.5,1.1797,2.993
154.6,1.1798,2.9982
154.7,1.1798,3.002
154.8,1.1802,3.0066
154.9,1.1807,3.0116
155,1.1793,3.0159
155.1,1.1796,3.0204
155.2,1.1802,3.0254
155.3,1.1798,3.03
155.4,1.1799,3.0347
155.5,1.1792,3.0383
155.6,1.1796,3.0427
155.7,1.1803,3.0471
155.8,1.1798,3.0518
155.9,1.1798,3.0551
156,1.1797,3.0599
156.1,1.1807,3.0641
156.2,1.1804,3.0689
156.3,1.1807,3.0743
156.4,1.1804,3.0787
156.5,1.1798,3.0825
156.6,1.1805,3.0875
156.7,1.18,3.0917
156.8,1.18,3.0958
156.9,1.1803,3.1
157,1.1803,3.1047
157.1,1.1803,3.1086
157.2,1.1814,3.1132
157.3,1.1818,3.1181
157.4,1.1806,3.1227
157.5,1.1812,3.1275
157.6,1.1812,3.1328
157.7,1.1805,3.1371
157.8,1.1812,3.1419
157.9,1.181,3.1467
158,1.1804,3.1509
158.1,1.1804,3.1551
158.2,1.1805,3.1592
158.3,1.1808,3.1641
158.4,1.181,3.1685
158.5,1.181,3.1731
158.6,1.1808,3.1772
158.7,1.1812,3.181
158.8,1.1815,3.1864
158.9,1.1811,3.1903
159,1.1813,3.1951
159.1,1.1818,3.2
159.2,1.1818,3.2046
159.3,1.1815,3.2091
159.4,1.1805,3.2126
159.5,1.1808,3.2177
159.6,1.1807,3.2211
159.7,1.1811,3.2254
159.8,1.182,3.23
159.9,1.1812,3.2345
160,1.1819,3.2385
160.1,1.1821,3.2435
160.2,1.1815,3.2476
160.3,1.1814,3.2511
160.4,1.1824,3.2566
160.5,1.1826,3.2612
160.6,1.1828,3.2665
160.7,1.1829,3.2713
160.8,1.183,3.2772
160.9,1.1823,3.2816
161,1.182,3.2862
161.1,1.1821,3.2898
161.2,1.1823,3.2946
161.3,1.1818,3.2986
161.4,1.1827,3.3033
161.5,1.1812,3.3074
161.6,1.1815,3.3106
161.7,1.1812,3.3149
161.8,1.1813,3.3184
161.9,1.1817,3.3235
162,1.1819,3.3279
162.1,1.1818,3.3316
162.2,1.1822,3.3357
162.3,1.1824,3.3392
162.4,1.183,3.344
162.5,1.1838,3.3496
162.6,1.1832,3.3545
162.7,1.1832,3.3594
162.8,1.1831,3.3636
162.9,1.1828,3.3684
163,1.1832,3.3736
163.1,1.1826,3.3776
163.2,1.1826,3.3814
163.3,1.1833,3.3863
163.4,1.1829,3.3905
163.5,1.1826,3.3948
163.6,1.1827,3.3991
163.7,1.1832,3.4037
163.8,1.1835,3.4084
163.9,1.1829,3.4126
164,1.1832,3.4165
164.1,1.1839,3.4213
164.2,1.1832,3.4255
164.3,1.1834,3.4291
164.4,1.1832,3.4335
164.5,1.183,3.438
164.6,1.1832,3.4422
164.7,1.1831,3.4461
164.8,1.1838,3.4506
164.9,1.1829,3.4544
165,1.1839,3.4599
165.1,1.1837,3.4633
165.2,1.1838,3.4674
165.3,1.1838,3.4726
165.4,1.1843,3.4771
165.5,1.1847,3.4825
165.6,1.1849,3.4873
165.7,1.1849,3.4923
165.8,1.1836,3.4963
165.9,1.1842,3.5008
166,1.184,3.5053
166.1,1.184,3.5098
166.2,1.1844,3.5144
166.3,1.1844,3.5183
166.4,1.1837,3.5225
166.5,1.1848,3.5278
166.6,1.1838,3.5317
166.7,1.1834,3.5359
166.8,1.1843,3.5404
166.9,1.1837,3.544
167,1.1841,3.5487
167.1,1.1845,3.5528
167.2,1.184,3.5571
167.3,1.1839,3.5618
167.4,1.1844,3.5662
167.5,1.1843,3.5707
167.6,1.184,3.5746
167.7,1.1843,3.5785
167.8,1.1843,3.5833
167.9,1.1846,3.5875
168,1.1844,3.5916
168.1,1.184,3.5943
168.2,1.1848,3.5989
168.3,1.1846,3.6035
168.4,1.1858,3.6077
168.5,1.1857,3.6127
168.6,1.1857,3.617
168.7,1.1853,3.6217
168.8,1.1856,3.6262
168.9,1.1862,3.6312
169,1.185,3.6349
169.1,1.1855,3.6398
169.2,1.1843,3.6432
169.3,1.1855,3.648
169.4,1.1851,3.6515
169.5,1.1848,3.656
169.6,1.1845,3.6606
169.7,1.1852,3.6645
169.8,1.1859,3.6688
169.9,1.1854,3.6731
170,1.1862,3.6776
170.1,1.1866,3.6832
170.2,1.1862,3.6873
170.3,1.187,3.693
170.4,1.1866,3.6971
170.5,1.1865,3.7022
170.6,1.1855,3.7066
170.7,1.1864,3.7112
170.8,1.1856,3.7152
170.9,1.1853,3.7193
171,1.1856,3.7232
171.1,1.1858,3.7281
171.2,1.1861,3.7319
171.3,1.1857,3.736
171.4,1.186,3.7399
171.5,1.1853,3.7447
171.6,1.1865,3.7492
171.7,1.1861,3.7536
171.8,1.1857,3.7568
171.9,1.1866,3.7617
172,1.1866,3.7663
172.1,1.1855,3.7702
172.2,1.1862,3.7745
172.3,1.1855,3.7787
172.4,1.1867,3.7832
172.5,1.1863,3.7875
172.6,1.187,3.792
172.7,1.1872,3.7966
172.8,1.1868,3.8012
172.9,1.1871,3.8055
173,1.1875,3.8106
173.1,1.1872,3.8148
173.2,1.1877,3.8194
173.3,1.1875,3.8244
173.4,1.1874,3.829
173.5,1.1872,3.8333
173.6,1.187,3.8378
173.7,1.1872,3.8421
173.8,1.1867,3.8461
173.9,1.1865,3.8504
174,1.1866,3.8545
174.1,1.1864,3.8581
174.2,1.1867,3.8632
174.3,1.1873,3.8673
174.4,1.1871,3.8719
174.5,1.1872,3.8759
174.6,1.1869,3.8799
174.7,1.1875,3.8846
174.8,1.1871,3.8888
174.9,1.188,3.8937
175,1.1877,3.898
175.1,1.1873,3.9021
175.2,1.1871,3.9066
175.3,1.1877,3.9111
175.4,1.188,3.9162
175.5,1.1864,3.9203
175.6,1.188,3.9243
175.7,1.1875,3.9287
175.8,1.1883,3.9332
175.9,1.1882,3.9376
176,1.1882,3.9422
176.1,1.1888,3.9478
176.2,1.1883,3.9523
176.3,1.1888,3.9573
176.4,1.188,3.9621
176.5,1.1883,3.9654
176.6,1.1872,3.9699
176.7,1.1868,3.9736
176.8,1.1874,3.9782
176.9,1.1871,3.9823
177,1.1874,3.9867
177.1,1.1872,3.99
177.2,1.1872,3.9937
177.3,1.1877,3.9986
177.4,1.1872,4.0019
177.5,1.1872,4.0061
177.6,1.1891,4.0109
177.7,1.1881,4.0147
177.8,1.1891,4.0196
177.9,1.1893,4.0242
178,1.189,4.0288
178.1,1.1898,4.0336
178.2,1.1887,4.0381
178.3,1.1892,4.043
178.4,1.1886,4.0482
178.5,1.1889,4.0521
178.6,1.1881,4.0563
178.7,1.1884,4.0608
178.8,1.1881,4.0642
178.9,1.1882,4.0684
179,1.1887,4.0732
179.1,1.1889,4.0775
179.2,1.1881,4.0804
179.3,1.1888,4.0858
179.4,1.1885,4.0892
179.5,1.1894,4.094
179.6,1.1889,4.0983
179.7,1.1895,4.1023
179.8,1.1887,4.1062
179.9,1.1895,4.1109
180,1.1891,4.1148
180.1,1.1895,4.1197
180.2,1.1891,4.1235
180.3,1.1886,4.1274
180.4,1.1892,4.1313
180.5,1.1892,4.1359
180.6,1.1892,4.1401
180.7,1.19,4.1446
180.8,1.1889,4.1493
180.9,1.19,4.153
181,1.19,4.1575
181.1,1.1901,4.1616
181.2,1.1905,4.1676
181.3,1.1906,4.1715
181.4,1.189,4.1753
181.5,1.1895,4.179
181.6,1.1896,4.1832
181.7,1.1899,4.1879
181.8,1.19,4.1926
181.9,1.1895,4.196
182,1.1901,4.2015
182.1,1.1895,4.2056
182.2,1.1903,4.2097
182.3,1.1897,4.2135
182.4,1.1896,4.2178
182.5,1.1902,4.2223
182.6,1.1905,4.2269
182.7,1.1903,4.2312
182.8,1.1905,4.2358
182.9,1.1903,4.2408
183,1.1906,4.2447
183.1,1.19,4.2489
183.2,1.1901,4.253
183.3,1.1898,4.2563
183.4,1.1903,4.2612
183.5,1.1901,4.2654
183.6,1.1907,4.2694
183.7,1.1906,4.2742
183.8,1.1901,4.2775
183.9,1.1908,4.2821
184,1.1904,4.2864
184.1,1.1909,4.2902
184.2,1.191,4.2952
184.3,1.1908,4.2993
184.4,1.1907,4.3031
184.5,1.1902,4.3078
184.6,1.1906,4.3119
184.7,1.1902,4.3158
184.8,1.1906,4.3199
184.9,1.1903,4.3236
185,1.1908,4.3284
185.1,1.1907,4.3325
185.2,1.1915,4.3375
185.3,1.1911,4.3409
185.4,1.1922,4.3459
185.5,1.1915,4.3504
185.6,1.1931,4.3556
185.7,1.1923,4.3605
185.8,1.1915,4.3647
185.9,1.1924,4.3691
186,1.1915,4.374
186.1,1.1902,4.3778
186.2,1.1906,4.3816
186.3,1.1909,4.3864
186.4,1.191,4.3899
186.5,1.1915,4.3937
186.6,1.1916,4.3993
186.7,1.1912,4.4033
186.8,1.1915,4.4072
186.9,1.1916,4.4121
187,1.191,4.415
187.1,1.1918,4.4197
187.2,1.192,4.4245
187.3,1.1924,4.4293
187.4,1.1919,4.4328
187.5,1.1916,4.4374
187.6,1.1912,4.4411
187.7,1.1921,4.4454
187.8,1.191,4.4497
187.9,1.1916,4.4545
188,1.1916,4.4586
188.1,1.1922,4.464
188.2,1.1919,4.4666
188.3,1.1918,4.471
188.4,1.1925,4.4758
188.5,1.1919,4.4806
188.6,1.1919,4.4842
188.7,1.1923,4.4888
188.8,1.1923,4.4922
188.9,1.1925,4.4985
189,1.1917,4.5016
189.1,1.192,4.5063
189.2,1.1922,4.5099
189.3,1.1924,4.515
189.4,1.1928,4.5198
189.5,1.1923,4.5241
189.6,1.1921,4.5278
189.7,1.1926,4.5321
189.8,1.1922,4.5364
189.9,1.1926,4.5403
190,1.1925,4.5442
190.1,1.1925,4.548
190.2,1.1926,4.5532
190.3,1.1931,4.5573
190.4,1.1936,4.5619
190.5,1.1938,4.567
190.6,1.193,4.5713
190.7,1.1931,4.5754
190.8,1.1935,4.5802
190.9,1.193,4.5838
191,1.1931,4.589
191.1,1.1931,4.5937
191.2,1.1938,4.5976
191.3,1.1938,4.6026
191.4,1.194,4.6074
191.5,1.1934,4.6123
191.6,1.1931,4.6165
191.7,1.1937,4.6215
191.8,1.1936,4.6265
191.9,1.1921,4.6301
192,1.1925,4.6344
192.1,1.192,4.638
192.2,1.1924,4.6413
192.3,1.1919,4.6464
192.4,1.1926,4.6492
192.5,1.1923,4.6536
192.6,1.1922,4.6575
192.7,1.1932,4.662
192.8,1.1927,4.6659
192.9,1.1931,4.6697
193,1.193,4.6736
193.1,1.1944,4.678
193.2,1.1939,4.682
193.3,1.194,4.6864
193.4,1.1943,4.6912
193.5,1.1941,4.6959
193.6,1.1935,4.7
193.7,1.1948,4.7052
193.8,1.1933,4.7094
193.9,1.1936,4.7141
194,1.1933,4.7177
194.1,1.1937,4.7223
194.2,1.1937,4.7255
194.3,1.1932,4.7297
194.4,1.1934,4.7341
194.5,1.1931,4.7376
194.6,1.1939,4.742
194.7,1.1942,4.7462
194.8,1.1939,4.7512
194.9,1.1946,4.7557
195,1.1947,4.7597
195.1,1.1945,4.7636
195.2,1.1936,4.7679
195.3,1.1945,4.7714
195.4,1.1937,4.776
195.5,1.1943,4.7807
195.6,1.1931,4.7843
195.7,1.1937,4.7883
195.8,1.1935,4.7928
195.9,1.194,4.7967
196,1.1934,4.8002
196.1,1.1933,4.8038
196.2,1.1942,4.8083
196.3,1.1938,4.8128
196.4,1.1941,4.8171
196.5,1.1944,4.821
196.6,1.1951,4.826
196.7,1.1951,4.8299
196.8,1.1946,4.8341
196.9,1.1948,4.8379
197,1.1946,4.8426
197.1,1.1954,4.847
197.2,1.1953,4.8514
197.3,1.194,4.8559
197.4,1.1943,4.8599
197.5,1.1947,4.8638
197.6,1.1942,4.8678
197.7,1.195,4.872
197.8,1.1944,4.876
197.9,1.195,4.8806
198,1.1956,4.8857
198.1,1.1955,4.89
198.2,1.1954,4.8936
198.3,1.1952,4.8983
198.4,1.1944,4.9027
198.5,1.1936,4.9058
198.6,1.1947,4.9109
198.7,1.1943,4.9147
198.8,1.195,4.9192
198.9,1.1942,4.9234
199,1.1947,4.9271
199.1,1.1944,4.9311
199.2,1.1948,4.9351
199.3,1.1951,4.9394
199.4,1.1948,4.9437
199.5,1.1955,4.948
199.6,1.1953,4.9527
199.7,1.1958,4.9571
199.8,1.1954,4.9603
199.9,1.1952,4.9653
200,1.1957,4.9701
200.1,1.1948,4.9735
200.2,1.1949,4.9772
200.3,1.1951,4.9814
200.4,1.1945,4.9854
200.5,1.1958,4.9895
200.6,1.1955,4.9944
200.7,1.1954,4.9981
200.8,1.1957,5.0028
200.9,1.195,5.006
201,1.1965,5.0114
201.1,1.1962,5.0165
201.2,1.1958,5.0205
201.3,1.1954,5.0244
201.4,1.1952,5.0281
201.5,1.195,5.032
201.6,1.195,5.0369
201.7,1.1952,5.0413
201.8,1.1943,5.0451
201.9,1.1944,5.0486
202,1.1948,5.0526
202.1,1.1951,5.0555
202.2,1.1945,5.0594
202.3,1.1954,5.064
202.4,1.1962,5.069
202.5,1.1959,5.0729
202.6,1.1957,5.077
202.7,1.1965,5.0822
202.8,1.1963,5.0857
202.9,1.1965,5.0905
203,1.1964,5.0954
203.1,1.1962,5.0996
203.2,1.1963,5.1038
203.3,1.1962,5.1091
203.4,1.1948,5.1113
203.5,1.1953,5.1156
203.6,1.1964,5.1205
203.7,1.1962,5.1256
203.8,1.1958,5.1285
203.9,1.1963,5.1327
204,1.1958,5.1365
204.1,1.1959,5.1411
204.2,1.1956,5.145
204.3,1.196,5.1493
204.4,1.1956,5.1535
204.5,1.1959,5.1573
204.6,1.1965,5.1618
204.7,1.1963,5.167
204.8,1.1969,5.1709
204.9,1.1958,5.1749
205,1.1963,5.1796
205.1,1.1961,5.1835
205.2,1.1953,5.1869
205.3,1.1956,5.1911
205.4,1.1954,5.1947
205.5,1.1959,5.1983
205.6,1.1959,5.2018
205.7,1.1961,5.2059
205.8,1.1968,5.2107
205.9,1.1967,5.2157
206,1.1966,5.2204
206.1,1.1967,5.2236
206.2,1.1962,5.2275
206.3,1.1964,5.2321
206.4,1.1966,5.2361
206.5,1.1968,5.2408
206.6,1.1967,5.2446
206.7,1.1966,5.2495
206.8,1.1963,5.2539
206.9,1.1971,5.2582
207,1.1966,5.2622
207.1,1.1969,5.2664
207.2,1.1965,5.2707
207.3,1.1965,5.2748
207.4,1.196,5.2788
207.5,1.1962,5.2822
207.6,1.1961,5.2872
207.7,1.1967,5.2912
207.8,1.1961,5.2952
207.9,1.1959,5.2987
208,1.1957,5.3027
208.1,1.196,5.3069
208.2,1.196,5.3104
208.3,1.1966,5.3151
208.4,1.1964,5.3194
208.5,1.1965,5.3235
208.6,1.1965,5.3272
208.7,1.1965,5.3312
208.8,1.1967,5.3352
208.9,1.1966,5.3395
209,1.1969,5.3435
209.1,1.1968,5.3484
209.2,1.1966,5.3512
209.3,1.1966,5.3556
209.4,1.1963,5.3596
209.5,1.1964,5.3632
209.6,1.1967,5.3678
209.7,1.1963,5.3717
209.8,1.1959,5.3754
209.9,1.1963,5.3795
210,1.1968,5.3836
210.1,1.1972,5.3879
210.2,1.1968,5.3921
210.3,1.1969,5.3959
210.4,1.197,5.3997
210.5,1.1967,5.4049
210.6,1.1971,5.4091
210.7,1.1966,5.4133
210.8,1.1972,5.4176
210.9,1.1964,5.4217
211,1.1968,5.4253
211.1,1.1965,5.4295
211.2,1.1966,5.4338
211.3,1.1961,5.4373
211.4,1.1966,5.4418
211.5,1.1965,5.4457
211.6,1.1968,5.4495
211.7,1.1964,5.4536
211.8,1.1962,5.4568
211.9,1.1964,5.4609
212,1.1973,5.4658
212.1,1.1974,5.4704
212.2,1.1978,5.4759
212.3,1.1969,5.4801
212.4,1.1975,5.4836
212.5,1.1964,5.4874
212.6,1.1964,5.4917
212.7,1.1965,5.4956
212.8,1.1964,5.4994
212.9,1.1968,5.5039
213,1.1962,5.5076
213.1,1.1959,5.5109
213.2,1.1964,5.5153
213.3,1.1959,5.519
213.4,1.1963,5.5228
213.5,1.1967,5.5268
213.6,1.1966,5.5311
213.7,1.1974,5.5356
213.8,1.1972,5.5406
213.9,1.1966,5.5438
214,1.1964,5.5484
214.1,1.1966,5.5523
214.2,1.1969,5.5568
214.3,1.1961,5.5604
214.4,1.1962,5.564
214.5,1.1964,5.5676
214.6,1.196,5.5714
214.7,1.1963,5.576
214.8,1.1966,5.5802
214.9,1.1963,5.5841
215,1.196,5.5875
215.1,1.1967,5.5923
215.2,1.1974,5.5968
215.3,1.1967,5.6014
215.4,1.1971,5.6058
215.5,1.1968,5.6097
215.6,1.1957,5.6129
215.7,1.1962,5.6175
215.8,1.1957,5.6212
215.9,1.1961,5.6256
216,1.1969,5.6293
216.1,1.1972,5.6341
216.2,1.1956,5.6376
216.3,1.1967,5.6415
216.4,1.196,5.6461
216.5,1.1961,5.6494
216.6,1.1963,5.6535
216.7,1.1963,5.6578
216.8,1.196,5.6618
216.9,1.1965,5.6659
217,1.1963,5.6693
217.1,1.1957,5.6737
217.2,1.1962,5.6784
217.3,1.1957,5.6816
217.4,1.196,5.685
217.5,1.196,5.6892
217.6,1.1962,5.6929
217.7,1.1961,5.697
217.8,1.1961,5.7009
217.9,1.1963,5.7053
218,1.1967,5.71
218.1,1.1957,5.7141
218.2,1.1965,5.7179
218.3,1.1963,5.7223
218.4,1.1968,5.7269
218.5,1.195,5.7304
218.6,1.1959,5.7338
218.7,1.196,5.7385
218.8,1.1947,5.7418
218.9,1.1953,5.7456
219,1.1949,5.7497
219.1,1.1956,5.7538
219.2,1.196,5.7567
219.3,1.1952,5.7614
219.4,1.1956,5.765
219.5,1.1956,5.77
219.6,1.1964,5.7733
219.7,1.1959,5.7778
219.8,1.1966,5.7823
219.9,1.196,5.7868
220,1.196,5.7915
220.1,1.1954,5.7955
220.2,1.1957,5.7992
220.3,1.1947,5.8032
220.4,1.195,5.8076
220.5,1.1948,5.8119
220.6,1.1946,5.8154
220.7,1.1936,5.8183
220.8,1.1942,5.8223
220.9,1.1951,5.8265
221,1.1942,5.8296
221.1,1.1938,5.8334
221.2,1.1946,5.8373
221.3,1.1961,5.8423
221.4,1.1952,5.8465
221.5,1.1951,5.8505
221.6,1.1951,5.8549
221.7,1.1948,5.8594
221.8,1.1943,5.8634
221.9,1.1943,5.8668
222,1.1941,5.8712
222.1,1.1947,5.8759
222.2,1.1942,5.8792
222.3,1.1946,5.8835
222.4,1.1943,5.8878
222.5,1.1945,5.8926
222.6,1.1942,5.8966
222.7,1.1939,5.9009
222.8,1.1942,5.9043
222.9,1.1946,5.9084
223,1.194,5.9124
223.1,1.1936,5.9166
223.2,1.1934,5.9205
223.3,1.1931,5.9236
223.4,1.1928,5.9273
223.5,1.194,5.9321
223.6,1.1931,5.936
223.7,1.1934,5.9398
223.8,1.1936,5.9437
223.9,1.1934,5.9478
224,1.1935,5.9514
224.1,1.1932,5.9555
224.2,1.1937,5.9597
224.3,1.1935,5.9634
224.4,1.1929,5.967
224.5,1.1938,5.9723
224.6,1.1936,5.9762
224.7,1.193,5.9801
224.8,1.1926,5.9844
224.9,1.1932,5.9885
225,1.1927,5.9924
225.1,1.1921,5.9965
225.2,1.1927,6.0007
225.3,1.1931,6.0049
225.4,1.1928,6.0084
225.5,1.1922,6.012
225.6,1.1919,6.0159
225.7,1.192,6.0204
225.8,1.1921,6.0242
225.9,1.1919,6.0285
226,1.1922,6.033
226.1,1.1912,6.0367
226.2,1.1916,6.0414
226.3,1.1911,6.0446
226.4,1.1904,6.0488
226.5,1.1909,6.0531
226.6,1.1918,6.0567
226.7,1.1912,6.061
226.8,1.1909,6.0644
226.9,1.1903,6.0682
227,1.1904,6.0723
227.1,1.1909,6.0764
227.2,1.1912,6.0799
227.3,1.1906,6.0835
227.4,1.1914,6.0889
227.5,1.1913,6.0935
227.6,1.1914,6.0981
227.7,1.1904,6.1025
227.8,1.1904,6.1072
227.9,1.1898,6.1117
228,1.1895,6.115
228.1,1.1888,6.1186
228.2,1.19,6.124
228.3,1.19,6.1285
228.4,1.1888,6.1312
228.5,1.1892,6.1348
228.6,1.1891,6.1388
228.7,1.1883,6.1424
228.8,1.1895,6.1475
228.9,1.1889,6.1513
229,1.1883,6.1548
229.1,1.1887,6.1593
229.2,1.1887,6.163
229.3,1.1885,6.1668
229.4,1.1889,6.1712
229.5,1.1878,6.1748
229.6,1.1879,6.1784
229.7,1.1876,6.1827
229.8,1.1875,6.1867
229.9,1.188,6.1902
230,1.1869,6.1942
230.1,1.1875,6.1979
230.2,1.1881,6.202
230.3,1.1873,6.2059
230.4,1.1875,6.2097
230.5,1.1874,6.2145
230.6,1.1863,6.2175
230.7,1.1875,6.2224
230.8,1.1872,6.2263
230.9,1.1866,6.2309
231,1.1863,6.2346
231.1,1.1863,6.239
231.2,1.1859,6.2423
231.3,1.1867,6.2474
231.4,1.1862,6.2512
231.5,1.1858,6.2559
231.6,1.1854,6.2597
231.7,1.1854,6.2637
231.8,1.1844,6.2672
231.9,1.1857,6.2718
232,1.1855,6.2758
232.1,1.1857,6.2803
232.2,1.1854,6.2842
232.3,1.1853,6.2887
232.4,1.1842,6.2922
232.5,1.1844,6.2965
232.6,1.1853,6.3007
232.7,1.1837,6.3045
232.8,1.184,6.3081
232.9,1.1841,6.3126
233,1.1842,6.3169
233.1,1.1836,6.3211
233.2,1.1839,6.3245
233.3,1.1836,6.3297
233.4,1.184,6.3341
233.5,1.183,6.3379
233.6,1.1834,6.3419
233.7,1.1828,6.346
233.8,1.1832,6.3503
233.9,1.1816,6.3533
234,1.1814,6.3577
234.1,1.1823,6.3617
234.2,1.1823,6.3663
234.3,1.1819,6.37
234.4,1.1823,6.3738
234.5,1.1815,6.378
234.6,1.1817,6.3819
234.7,1.1817,6.386
234.8,1.1822,6.3904
234.9,1.1816,6.3936
235,1.1821,6.3985
235.1,1.1817,6.4031
235.2,1.1821,6.4088
235.3,1.1805,6.4127
235.4,1.1806,6.418
235.5,1.1797,6.4213
235.6,1.1797,6.426
235.7,1.1794,6.43
235.8,1.1794,6.4333
235.9,1.1801,6.4381
236,1.1793,6.4424
236.1,1.1793,6.4462
236.2,1.1793,6.4498
236.3,1.1793,6.4533
236.4,1.1782,6.4567
236.5,1.1791,6.4614
236.6,1.1792,6.4651
236.7,1.1786,6.47
236.8,1.1794,6.4736
236.9,1.1791,6.4789
237,1.1776,6.4835
237.1,1.1781,6.4877
237.2,1.1782,6.4925
237.3,1.1775,6.4966
237.4,1.1768,6.5007
237.5,1.1764,6.5053
237.6,1.1765,6.5082
237.7,1.1765,6.5125
237.8,1.1768,6.5167
237.9,1.1773,6.5213
238,1.176,6.5247
238.1,1.1764,6.5288
238.2,1.177,6.5337
238.3,1.1761,6.5379
238.4,1.1768,6.5419
238.5,1.1754,6.5469
238.6,1.175,6.55
238.7,1.175,6.5548
238.8,1.1748,6.558
238.9,1.175,6.5628
239,1.1743,6.5671
239.1,1.1749,6.5709
239.2,1.1743,6.5744
239.3,1.1742,6.5794
239.4,1.1739,6.5833
239.5,1.1735,6.5867
239.6,1.1733,6.5909
239.7,1.1728,6.5943
239.8,1.1741,6.5996
239.9,1.1735,6.604
240,1.1738,6.6088
240.1,1.1729,6.6125
240.2,1.1728,6.6174
240.3,1.1717,6.6208
240.4,1.1718,6.6247
240.5,1.1727,6.6297
240.6,1.1719,6.633
240.7,1.1722,6.6379
240.8,1.1714,6.6418
240.9,1.1713,6.6463
241,1.1706,6.649
241.1,1.1701,6.6525
241.2,1.1701,6.6556
241.3,1.1704,6.6593
241.4,1.1705,6.663
241.5,1.1693,6.6655
241.6,1.1691,6.6682
241.7,1.1694,6.6715
241.8,1.1684,6.674
241.9,1.1687,6.6771
242,1.1689,6.6803
242.1,1.1679,6.6836
242.2,1.1678,6.6864
242.3,1.1681,6.6903
242.4,1.1682,6.6942
242.5,1.168,6.698
242.6,1.1676,6.702
242.7,1.1675,6.7052
242.8,1.1668,6.7093
242.9,1.1669,6.7131
243,1.167,6.7177
243.1,1.166,6.7214
243.2,1.166,6.7258
243.3,1.1655,6.7299
243.4,1.1658,6.7336
243.5,1.1651,6.7377
243.6,1.1649,6.741
243.7,1.1647,6.7447
243.8,1.1645,6.7485
243.9,1.1641,6.7524
244,1.1644,6.7562
244.1,1.1641,6.7606
244.2,1.1635,6.7638
244.3,1.1638,6.7685
244.4,1.1642,6.7726
244.5,1.1641,6.7768
244.6,1.164,6.7819
244.7,1.1631,6.7857
244.8,1.1622,6.7895
244.9,1.1623,6.7939
245,1.1615,6.7975
245.1,1.1615,6.802
245.2,1.1612,6.8058
245.3,1.1615,6.81
245.4,1.1614,6.8137
245.5,1.1607,6.8175
245.6,1.1604,6.8214
245.7,1.1599,6.8258
245.8,1.1602,6.829
245.9,1.16,6.8329
246,1.1604,6.8372
246.1,1.16,6.8417
246.2,1.1593,6.8455
246.3,1.1603,6.8511
246.4,1.1595,6.8542
246.5,1.1592,6.8591
246.6,1.1584,6.864
246.7,1.159,6.8679
246.8,1.1581,6.8728
246.9,1.1577,6.8754
247,1.1577,6.8797
247.1,1.1582,6.8844
247.2,1.1568,6.8886
247.3,1.1577,6.8931
247.4,1.1573,6.8972
247.5,1.1571,6.9014
247.6,1.1567,6.9059
247.7,1.1564,6.9093
247.8,1.1562,6.9148
247.9,1.1559,6.919
248,1.1546,6.9226
248.1,1.1551,6.9267
248.2,1.1549,6.9313
248.3,1.155,6.9355
248.4,1.1551,6.9396
248.5,1.1541,6.9435
248.6,1.1544,6.9486
248.7,1.1535,6.9521
248.8,1.1536,6.9575
248.9,1.1534,6.9607
249,1.1536,6.9657
249.1,1.1527,6.9696
249.2,1.1528,6.9747
249.3,1.1522,6.9782
249.4,1.1518,6.9825
249.5,1.1515,6.9864
249.6,1.151,6.9899
249.7,1.1505,6.9938
249.8,1.1502,6.9975
249.9,1.1515,7.0023
250,1.151,7.0067
250.1,1.1503,7.0099
250.2,1.1507,7.0153
250.3,1.1499,7.0191
250.4,1.1504,7.0242
250.5,1.1499,7.0284
250.6,1.1501,7.0334
250.7,1.1482,7.0372
250.8,1.1482,7.0422
250.9,1.148,7.0459
251,1.1478,7.0507
251.1,1.1471,7.0539
251.2,1.1468,7.0585
251.3,1.1461,7.0628
251.4,1.1474,7.0671
251.5,1.1461,7.0709
251.6,1.1464,7.0745
251.7,1.1461,7.0786
251.8,1.1456,7.0827
251.9,1.1457,7.0881
252,1.1453,7.0916
252.1,1.1452,7.0956
252.2,1.1456,7.1003
252.3,1.1462,7.1058
252.4,1.1448,7.1104
252.5,1.1439,7.115
252.6,1.1438,7.1195
252.7,1.1429,7.1245
252.8,1.1431,7.1284
252.9,1.1423,7.1331
253,1.1427,7.137
253.1,1.1421,7.1416
253.2,1.1408,7.145
253.3,1.1409,7.1497
253.4,1.1412,7.1538
253.5,1.1404,7.158
253.6,1.1404,7.1615
253.7,1.1397,7.1658
253.8,1.1405,7.1697
253.9,1.1403,7.1742
254,1.1404,7.1802
254.1,1.1388,7.1836
254.2,1.1391,7.1878
254.3,1.1395,7.1908
254.4,1.1376,7.1947
254.5,1.1374,7.1991
254.6,1.1374,7.2033
254.7,1.1372,7.2072
254.8,1.1375,7.2126
254.9,1.1367,7.2151
255,1.1365,7.2194
255.1,1.1365,7.223
255.2,1.1359,7.2281
255.3,1.1355,7.2323
255.4,1.1358,7.2372
255.5,1.1356,7.2413
255.6,1.1353,7.2464
255.7,1.1349,7.2506
255.8,1.1345,7.2552
255.9,1.1331,7.2589
256,1.1337,7.2638
256.1,1.1333,7.2674
256.2,1.1331,7.2727
256.3,1.1329,7.2757
256.4,1.1325,7.2801
256.5,1.1331,7.2845
256.6,1.1322,7.2901
256.7,1.1316,7.2929
256.8,1.1315,7.2972
256.9,1.1314,7.3018
257,1.1309,7.3061
257.1,1.1307,7.3103
257.2,1.1307,7.3157
257.3,1.1298,7.3194
257.4,1.1296,7.3242
257.5,1.1291,7.3281
257.6,1.1286,7.3318
257.7,1.128,7.3356
257.8,1.1281,7.3397
257.9,1.1279,7.3438
258,1.1283,7.3484
258.1,1.1272,7.3534
258.2,1.1275,7.358
258.3,1.1264,7.3621
258.4,1.1259,7.3659
258.5,1.1261,7.3712
258.6,1.1254,7.3758
258.7,1.125,7.3797
258.8,1.1245,7.3833
258.9,1.1251,7.3884
259,1.1245,7.3931
259.1,1.1248,7.3974
259.2,1.123,7.4018
259.3,1.1229,7.4058
259.4,1.1228,7.4094
259.5,1.1231,7.4153
259.6,1.1223,7.4187
259.7,1.1229,7.4238
259.8,1.1217,7.427
259.9,1.1217,7.4324
260,1.121,7.4364
260.1,1.1201,7.4415
260.2,1.12,7.4455
260.3,1.1193,7.4507
260.4,1.1192,7.4539
260.5,1.1191,7.4583
260.6,1.1186,7.4624
260.7,1.1182,7.4667
260.8,1.1187,7.4704
260.9,1.1175,7.4746
261,1.1173,7.4785
261.1,1.1179,7.4835
261.2,1.1163,7.4871
261.3,1.1161,7.4918
261.4,1.1164,7.4961
261.5,1.1162,7.5009
261.6,1.1169,7.5063
261.7,1.1154,7.5106
261.8,1.1151,7.5157
261.9,1.1144,7.52
262,1.1143,7.5256
262.1,1.1134,7.5303
262.2,1.1132,7.5343
262.3,1.1121,7.5375
262.4,1.1131,7.542
262.5,1.1121,7.5468
262.6,1.1109,7.5504
262.7,1.1115,7.5547
262.8,1.1105,7.5593
262.9,1.1107,7.5623
263,1.1111,7.5676
263.1,1.1103,7.572
263.2,1.1099,7.5772
263.3,1.1088,7.5805
263.4,1.1094,7.5857
263.5,1.1083,7.5902
263.6,1.108,7.5933
263.7,1.108,7.5976
263.8,1.1076,7.6027
263.9,1.1071,7.6066
264,1.1069,7.6119
264.1,1.1069,7.6157
264.2,1.1055,7.6196
264.3,1.1055,7.6236
264.4,1.1054,7.6282
264.5,1.1048,7.6324
264.6,1.1044,7.6369
264.7,1.1043,7.6411
264.8,1.1036,7.6452
264.9,1.1031,7.6497
265,1.1028,7.6544
265.1,1.1021,7.6588
265.2,1.1024,7.6627
265.3,1.1014,7.6672
265.4,1.1014,7.6722
265.5,1.1004,7.6764
265.6,1.101,7.681
265.7,1.0998,7.6853
265.8,1.0993,7.6897
265.9,1.099,7.6955
266,1.0982,7.6981
266.1,1.0982,7.7038
266.2,1.0974,7.7077
266.3,1.098,7.7128
266.4,1.0972,7.7165
266.5,1.0959,7.7203
266.6,1.096,7.7244
266.7,1.0956,7.7289
266.8,1.0953,7.7333
266.9,1.0952,7.7379
267,1.0947,7.7414
267.1,1.0941,7.7464
267.2,1.0937,7.7505
267.3,1.0934,7.7545
267.4,1.0928,7.7585
267.5,1.0923,7.7633
267.6,1.0927,7.7677
267.7,1.0926,7.7733
267.8,1.0912,7.7786
267.9,1.0908,7.7821
268,1.0904,7.787
268.1,1.0899,7.791
268.2,1.0892,7.7949
268.3,1.0891,7.7997
268.4,1.0879,7.8037
268.5,1.0873,7.8084
268.6,1.0875,7.8124
268.7,1.087,7.8159
268.8,1.0862,7.8201
268.9,1.0865,7.8244
269,1.0864,7.8292
269.1,1.0857,7.8335
269.2,1.0862,7.8396
269.3,1.0841,7.8434
269.4,1.0843,7.8478
269.5,1.0832,7.8529
269.6,1.0822,7.8575
269.7,1.082,7.8612
269.8,1.0816,7.866
269.9,1.0799,7.8687
270,1.0803,7.874
270.1,1.0796,7.877
270.2,1.079,7.881
270.3,1.08,7.8857
270.4,1.0791,7.8902
270.5,1.078,7.8942
270.6,1.0778,7.8986
270.7,1.0777,7.9022
270.8,1.0779,7.908
270.9,1.0761,7.9114
271,1.0763,7.9162
271.1,1.0755,7.9208
271.2,1.0748,7.9257
271.3,1.0741,7.9294
271.4,1.0743,7.9344
271.5,1.0735,7.938
271.6,1.0733,7.9429
271.7,1.0724,7.9477
271.8,1.0721,7.9522
271.9,1.0719,7.9567
272,1.0706,7.9603
272.1,1.071,7.9652
272.2,1.0704,7.9692
272.3,1.0703,7.9742
272.4,1.0691,7.979
272.5,1.0693,7.983
272.6,1.0685,7.9881
272.7,1.0665,7.9924
272.8,1.067,7.9965
272.9,1.0662,8.0013
273,1.0654,8.0054
273.1,1.0647,8.0099
273.2,1.0647,8.014
273.3,1.0646,8.0191
273.4,1.0633,8.0226
273.5,1.0633,8.0276
273.6,1.0631,8.0314
273.7,1.0625,8.0363
273.8,1.0614,8.0404
273.9,1.0609,8.0444
274,1.061,8.0503
274.1,1.0587,8.0546
274.2,1.0581,8.0586
274.3,1.0583,8.0635
274.4,1.057,8.0675
274.5,1.0569,8.0721
274.6,1.0562,8.0753
274.7,1.0563,8.0808
274.8,1.0554,8.0853
274.9,1.0552,8.0898
275,1.0547,8.0944
275.1,1.0527,8.0989
275.2,1.0525,8.1024
275.3,1.0521,8.1065
275.4,1.0524,8.1113
275.5,1.0513,8.1151
275.6,1.0515,8.1199
275.7,1.0508,8.1248
275.8,1.05,8.1295
275.9,1.0495,8.1343
276,1.0486,8.1381
276.1,1.0478,8.142
276.2,1.0478,8.1462
276.3,1.0472,8.1516
276.4,1.0467,8.1556
276.5,1.0459,8.1597
276.6,1.0456,8.1644
276.7,1.0448,8.1693
276.8,1.0437,8.1739
276.9,1.0434,8.1779
277,1.0435,8.1826
277.1,1.0433,8.1874
277.2,1.0411,8.1925
277.3,1.0408,8.1978
277.4,1.04,8.2017
277.5,1.0387,8.206
277.6,1.0377,8.21
277.7,1.0378,8.2142
277.8,1.0376,8.2195
277.9,1.0362,8.2231
278,1.0361,8.2277
278.1,1.0349,8.229
278.2,1.0346,8.2329
278.3,1.0344,8.2371
278.4,1.0339,8.2419
278.5,1.0323,8.2454
278.6,1.0326,8.2493
278.7,1.0312,8.2544
278.8,1.0306,8.259
278.9,1.0304,8.2634
279,1.0294,8.2685
279.1,1.0281,8.2728
279.2,1.0281,8.2772
279.3,1.0271,8.2816
279.4,1.0268,8.2866
279.5,1.0261,8.29
279.6,1.0246,8.2942
279.7,1.0234,8.2981
279.8,1.0236,8.3025
279.9,1.022,8.3069
280,1.0218,8.311
280.1,1.0207,8.3141
280.2,1.0194,8.3179
280.3,1.0186,8.3229
280.4,1.0181,8.3265
280.5,1.0168,8.3302
280.6,1.0162,8.3346
280.7,1.0151,8.3391
280.8,1.0146,8.3442
280.9,1.0136,8.348
281,1.0123,8.3515
281.1,1.0117,8.3557
281.2,1.0113,8.3595
281.3,1.0104,8.3637
281.4,1.0094,8.3675
281.5,1.0085,8.3708
281.6,1.0077,8.3754
281.7,1.0066,8.3792
281.8,1.0056,8.3831
281.9,1.0047,8.3885
282,1.0038,8.3918
282.1,1.0026,8.396
282.2,1.0017,8.3993
282.3,1.0002,8.4027
282.4,0.9994,8.4062
282.5,0.9988,8.4097
282.6,0.9976,8.413
282.7,0.9968,8.4171
282.8,0.9956,8.4204
282.9,0.9943,8.4238
283,0.9928,8.4274
283.1,0.9923,8.4312
283.2,0.9908,8.4348
283.3,0.9892,8.4374
283.4,0.9887,8.4406
283.5,0.9876,8.4423
283.6,0.9862,8.4449
283.7,0.9854,8.4476
283.8,0.9845,8.4513
283.9,0.9824,8.4539
284,0.9803,8.4562
284.1,0.9777,8.4588
284.2,0.9752,8.461
284.3,0.9727,8.4637
284.4,0.9705,8.4664
284.5,0.969,8.4691
284.6,0.9662,8.4721
284.7,0.9639,8.4743
284.8,0.9629,8.477
284.9,0.9609,8.479
